Time,seconds,yj5,yj3,yj4,yj6
2020/03/31 00:00:00,0,0.0,0.0,0.0,0.0
2020/03/31 00:10:00,600,0.0,0.0,0.4385,0.0
2020/03/31 00:20:00,1200,0.0,0.0,0.432,0.432
2020/03/31 00:30:00,1800,0.0,0.0,0.428,0.428
2020/03/31 00:40:00,2400,0.0,0.0,0.425,0.425
2020/03/31 00:50:00,3000,0.0,0.4335,0.4335,0.4335
2020/03/31 01:00:00,3600,0.436,0.436,0.436,0.436
2020/03/31 01:10:00,4200,0.4315,0.4315,0.4315,0.4315
2020/03/31 01:20:00,4800,0.4195,0.4195,0.4195,0.4195
2020/03/31 01:30:00,5400,0.408,0.408,0.408,0.408
2020/03/31 01:40:00,6000,0.4005,0.4005,0.4005,0.4005
2020/03/31 01:50:00,6600,0.401,0.401,0.401,0.401
2020/03/31 02:00:00,7200,0.4015,0.4015,0.4015,0.4015
2020/03/31 02:10:00,7800,0.404,0.404,0.404,0.404
2020/03/31 02:20:00,8400,0.405,0.405,0.405,0.405
2020/03/31 02:30:00,9000,0.4045,0.4045,0.4045,0.4045
2020/03/31 02:40:00,9600,0.4045,0.4045,0.4045,0.4045
2020/03/31 02:50:00,10200,0.4045,0.4045,0.4045,0.40448
2020/03/31 03:00:00,10800,0.403,0.403,0.403,0.40439
2020/03/31 03:10:00,11400,0.404,0.404,0.404,0.40425
2020/03/31 03:20:00,12000,0.402,0.402,0.402,0.40403
2020/03/31 03:30:00,12600,0.401,0.401,0.40165,0.4035
2020/03/31 03:40:00,13200,0.4005,0.4005,0.40092,0.40323000000000003
2020/03/31 03:50:00,13800,0.401,0.401,0.40312,0.40284000000000003
2020/03/31 04:00:00,14400,0.4005,0.4005,0.4002,0.40256
2020/03/31 04:10:00,15000,0.4,0.4,0.2705,0.40225
2020/03/31 04:20:00,15600,0.4,0.4,0.08413,0.40199
2020/03/31 04:30:00,16200,0.4,0.4,0.04796,0.40197
2020/03/31 04:40:00,16800,0.3995,0.3995,0.18282,0.40197
2020/03/31 04:50:00,17400,0.3995,0.3995,0.34573000000000004,0.40198
2020/03/31 05:00:00,18000,0.4035,0.4035,0.39295,0.40228
2020/03/31 05:10:00,18600,0.4005,0.4005,0.39838,0.40295
2020/03/31 05:20:00,19200,0.4005,0.40102,0.40116,0.40424
2020/03/31 05:30:00,19800,0.4,0.40046,0.40315,0.40586
2020/03/31 05:40:00,20400,0.4,0.39966,0.40403,0.40805
2020/03/31 05:50:00,21000,0.4,0.39982,0.4043,0.41056000000000004
2020/03/31 06:00:00,21600,0.4,0.39993,0.40438,0.41301000000000004
2020/03/31 06:10:00,22200,0.4,0.40001,0.4044,0.41555
2020/03/31 06:20:00,22800,0.40005,0.40015,0.4044,0.41838000000000003
2020/03/31 06:30:00,23400,0.40016999999999997,0.40045,0.4044,0.42113999999999996
2020/03/31 06:40:00,24000,0.4003,0.40074,0.40439,0.42408999999999997
2020/03/31 06:50:00,24600,0.40037,0.40073000000000003,0.40438,0.42666000000000004
2020/03/31 07:00:00,25200,0.40043,0.40058,0.40437,0.42898000000000003
2020/03/31 07:10:00,25800,0.40048,0.4016,0.40434000000000003,0.43122
2020/03/31 07:20:00,26400,0.40051,0.4608,0.40429,0.433
2020/03/31 07:30:00,27000,0.40055,0.7639,0.40421999999999997,0.43391
2020/03/31 07:40:00,27600,0.40058,0.9999399999999999,0.40413000000000004,0.43423999999999996
2020/03/31 07:50:00,28200,0.40062,1.0,0.40404,0.43427
2020/03/31 08:00:00,28800,0.40066,1.0,0.40395,0.43423999999999996
2020/03/31 08:10:00,29400,0.40071,1.0,0.40387,0.43421000000000004
2020/03/31 08:20:00,30000,0.40076999999999996,1.0,0.4038,0.43418
2020/03/31 08:30:00,30600,0.40084000000000003,1.0,0.40373000000000003,0.407
2020/03/31 08:40:00,31200,0.40091,1.0,0.40368000000000004,0.4075
2020/03/31 08:50:00,31800,0.40099,1.0,0.40363000000000004,0.4085
2020/03/31 09:00:00,32400,0.40105999999999997,1.0,0.40358,0.4105
2020/03/31 09:10:00,33000,0.40114,1.0,0.40352,0.413
2020/03/31 09:20:00,33600,0.40121,1.0,0.40342,0.4175
2020/03/31 09:30:00,34200,0.40129000000000004,1.0,0.40328,0.422
2020/03/31 09:40:00,34800,0.40136,1.0,0.4031,0.425
2020/03/31 09:50:00,35400,0.40143,1.0,0.40287,0.4275
2020/03/31 10:00:00,36000,0.4015,1.0,0.40263000000000004,0.43
2020/03/31 10:10:00,36600,0.40154,1.0,0.40243,0.435
2020/03/31 10:20:00,37200,0.40158,1.0,0.40224,0.436
2020/03/31 10:30:00,37800,0.40160999999999997,1.0,0.40206,0.4345
2020/03/31 10:40:00,38400,0.40162,1.0,0.40192,0.429
2020/03/31 10:50:00,39000,0.40163000000000004,1.0,0.4018,0.4245
2020/03/31 11:00:00,39600,0.424,1.0,0.40171,0.424
2020/03/31 11:10:00,40200,0.4205,1.0,0.40165,0.4205
2020/03/31 11:20:00,40800,0.4075,1.0,0.40160999999999997,0.4075
2020/03/31 11:30:00,41400,0.4,1.0,0.4016,0.4
2020/03/31 11:40:00,42000,0.4,1.0,0.40160999999999997,0.4
2020/03/31 11:50:00,42600,0.4035,1.0,0.40193,0.40145
2020/03/31 12:00:00,43200,0.407,1.0,0.43253,0.407
2020/03/31 12:10:00,43800,0.411,1.0,0.9482799999999999,0.411
2020/03/31 12:20:00,44400,0.4115,1.0,0.9999399999999999,0.41142
2020/03/31 12:30:00,45000,0.4105,1.0,1.0,0.4105
2020/03/31 12:40:00,45600,0.4095,1.0,1.0,0.41231999999999996
2020/03/31 12:50:00,46200,0.407,1.0,1.0,0.41331
2020/03/31 13:00:00,46800,0.396,1.0,1.0,0.41544
2020/03/31 13:10:00,47400,0.3835,1.0,1.0,0.4187
2020/03/31 13:20:00,48000,0.374,1.0,1.0,0.42103999999999997
2020/03/31 13:30:00,48600,0.369,1.0,1.0,0.42323999999999995
2020/03/31 13:40:00,49200,0.364,1.0,1.0,0.42458
2020/03/31 13:50:00,49800,0.359,1.0,1.0,0.42582
2020/03/31 14:00:00,50400,0.3575,1.0,1.0,0.42678999999999995
2020/03/31 14:10:00,51000,0.3565,1.0,1.0,0.42781
2020/03/31 14:20:00,51600,0.355,1.0,1.0,0.42866000000000004
2020/03/31 14:30:00,52200,0.354,1.0,1.0,0.42958
2020/03/31 14:40:00,52800,0.355,1.0,1.0,0.43022
2020/03/31 14:50:00,53400,0.354,1.0,1.0,0.43132
2020/03/31 15:00:00,54000,0.354,1.0,1.0,0.43241
2020/03/31 15:10:00,54600,0.354,1.0,1.0,0.43301999999999996
2020/03/31 15:20:00,55200,0.354,1.0,1.0,0.43368
2020/03/31 15:30:00,55800,0.354,1.0,1.0,0.43404
2020/03/31 15:40:00,56400,0.354,1.0,1.0,0.43437
2020/03/31 15:50:00,57000,0.354,1.0,1.0,0.43437
2020/03/31 16:00:00,57600,0.355,1.0,1.0,0.43437
2020/03/31 16:10:00,58200,0.355,0.9999899999999999,1.0,0.43428999999999995
2020/03/31 16:20:00,58800,0.356,0.9999899999999999,1.0,0.43393999999999994
2020/03/31 16:30:00,59400,0.3575,0.99997,1.0,0.43348000000000003
2020/03/31 16:40:00,60000,0.3585,0.9999600000000001,1.0,0.4326
2020/03/31 16:50:00,60600,0.3615,0.9999299999999999,1.0,0.43176000000000003
2020/03/31 17:00:00,61200,0.3635,0.99992,1.0,0.43063
2020/03/31 17:10:00,61800,0.3655,0.9999100000000001,1.0,0.42926000000000003
2020/03/31 17:20:00,62400,0.367,0.99989,1.0,0.42773999999999995
2020/03/31 17:30:00,63000,0.3705,0.99984,1.0,0.42631
2020/03/31 17:40:00,63600,0.374,0.99987,1.0,0.42482
2020/03/31 17:50:00,64200,0.377,0.99982,1.0,0.42338000000000003
2020/03/31 18:00:00,64800,0.381,0.99982,1.0,0.42233999999999994
2020/03/31 18:10:00,65400,0.3855,0.3855,1.0,0.42135
2020/03/31 18:20:00,66000,0.39,0.39,1.0,0.42005
2020/03/31 18:30:00,66600,0.394,0.394,1.0,0.4191
2020/03/31 18:40:00,67200,0.39296,0.3975,1.0,0.4184
2020/03/31 18:50:00,67800,0.40016,0.401,1.0,0.41803
2020/03/31 19:00:00,68400,0.38338,0.4045,1.0,0.41761000000000004
2020/03/31 19:10:00,69000,0.38222,0.4065,1.0,0.4176
2020/03/31 19:20:00,69600,0.37948000000000004,0.40654,1.0,0.41761000000000004
2020/03/31 19:30:00,70200,0.37705,0.40568000000000004,0.9999899999999999,0.41794
2020/03/31 19:40:00,70800,0.37549,0.40495,0.9999899999999999,0.41857
2020/03/31 19:50:00,71400,0.3736,0.40026,0.99997,0.42005
2020/03/31 20:00:00,72000,0.37213,0.3975,0.9999600000000001,0.42177
2020/03/31 20:10:00,72600,0.37122,0.40312,0.99995,0.42361000000000004
2020/03/31 20:20:00,73200,0.37069,0.60441,0.9999399999999999,0.42562
2020/03/31 20:30:00,73800,0.37046,0.9798399999999999,0.9999399999999999,0.42745
2020/03/31 20:40:00,74400,0.3704,0.9989100000000001,0.9999299999999999,0.42831
2020/03/31 20:50:00,75000,0.37041999999999997,0.9831,0.99992,0.42841
2020/03/31 21:00:00,75600,0.37046999999999997,0.9641200000000001,0.9999100000000001,0.42826000000000003
2020/03/31 21:10:00,76200,0.37051999999999996,0.95015,0.9999100000000001,0.42813999999999997
2020/03/31 21:20:00,76800,0.37056999999999995,0.9354600000000001,0.9999,0.42796999999999996
2020/03/31 21:30:00,77400,0.3706,0.92369,0.99989,0.42791999999999997
2020/03/31 21:40:00,78000,0.37062,0.9154399999999999,0.9998799999999999,0.42788999999999994
2020/03/31 21:50:00,78600,0.37062,0.9096299999999999,0.99987,0.441
2020/03/31 22:00:00,79200,0.37062,0.90501,0.99987,0.446
2020/03/31 22:10:00,79800,0.37061,0.90112,0.9998600000000001,0.45
2020/03/31 22:20:00,80400,0.37059000000000003,0.8976,0.99985,0.454
2020/03/31 22:30:00,81000,0.37056,0.89418,0.99985,0.45297
2020/03/31 22:40:00,81600,0.37051999999999996,0.89075,0.99985,0.45116999999999996
2020/03/31 22:50:00,82200,0.37046,0.8872899999999999,0.99984,0.44426000000000004
2020/03/31 23:00:00,82800,0.37041,0.88376,0.9998299999999999,0.43896
2020/03/31 23:10:00,83400,0.37035,0.8801200000000001,0.9998299999999999,0.43576000000000004
2020/03/31 23:20:00,84000,0.37029,0.8763799999999999,0.9998299999999999,0.43361000000000005
2020/03/31 23:30:00,84600,0.37023,0.87255,0.9998299999999999,0.43213
2020/03/31 23:40:00,85200,0.37017,0.86864,0.9998299999999999,0.43106000000000005
2020/03/31 23:50:00,85800,0.37011,0.86469,0.9998299999999999,0.43028
2020/04/01 00:00:00,86400,0.37006,0.86074,0.9998299999999999,0.42968999999999996
2020/04/01 00:10:00,87000,0.37,0.85683,0.9998299999999999,0.42922
2020/04/01 00:20:00,87600,0.36996,0.85298,0.9998299999999999,0.42886
2020/04/01 00:30:00,88200,0.36991,0.8492200000000001,0.9998299999999999,0.42857
2020/04/01 00:40:00,88800,0.36987,0.84554,0.9998299999999999,0.42833000000000004
2020/04/01 00:50:00,89400,0.36984,0.8419700000000001,0.9998299999999999,0.42813
2020/04/01 01:00:00,90000,0.3698,0.83847,0.9998299999999999,0.42796999999999996
2020/04/01 01:10:00,90600,0.36977,0.83504,0.4835,0.42783999999999994
2020/04/01 01:20:00,91200,0.36974,0.83165,0.482,0.42772
2020/04/01 01:30:00,91800,0.36972,0.8282700000000001,0.481,0.42762
2020/04/01 01:40:00,92400,0.36969,0.8249,0.4805,0.42754
2020/04/01 01:50:00,93000,0.36967,0.8214799999999999,0.4805,0.4805
2020/04/01 02:00:00,93600,0.36965,0.81802,0.48,0.48
2020/04/01 02:10:00,94200,0.36963,0.81447,0.479,0.479
2020/04/01 02:20:00,94800,0.36961,0.81084,0.48,0.48
2020/04/01 02:30:00,95400,0.3696,0.80709,0.485,0.485
2020/04/01 02:40:00,96000,0.36958,0.80323,0.4895,0.4895
2020/04/01 02:50:00,96600,0.36956999999999995,0.79924,0.49,0.49
2020/04/01 03:00:00,97200,0.36955,0.79597,0.4895,0.4895
2020/04/01 03:10:00,97800,0.36954000000000004,0.7926,0.486,0.486
2020/04/01 03:20:00,98400,0.36953,0.7902600000000001,0.474,0.474
2020/04/01 03:30:00,99000,0.36951999999999996,0.78837,0.4495,0.4495
2020/04/01 03:40:00,99600,0.36951,0.7860199999999999,0.4255,0.4255
2020/04/01 03:50:00,100200,0.3695,0.7844,0.406,0.406
2020/04/01 04:00:00,100800,0.3695,0.7822100000000001,0.399,0.399
2020/04/01 04:10:00,101400,0.36949,0.78083,0.395,0.395
2020/04/01 04:20:00,102000,0.36949,0.77957,0.394,0.394
2020/04/01 04:30:00,102600,0.36948000000000003,0.77842,0.394,0.394
2020/04/01 04:40:00,103200,0.36948000000000003,0.77577,0.395,0.395
2020/04/01 04:50:00,103800,0.36948000000000003,0.395,0.395,0.395
2020/04/01 05:00:00,104400,0.36946999999999997,0.395,0.395,0.395
2020/04/01 05:10:00,105000,0.36946999999999997,0.3965,0.3965,0.39566
2020/04/01 05:20:00,105600,0.36946,0.3975,0.3975,0.39549
2020/04/01 05:30:00,106200,0.36946,0.399,0.39712,0.39519
2020/04/01 05:40:00,106800,0.36946,0.4005,0.4005,0.39501
2020/04/01 05:50:00,107400,0.36945,0.401,0.39816999999999997,0.39475
2020/04/01 06:00:00,108000,0.36945,0.401,0.40035,0.39458000000000004
2020/04/01 06:10:00,108600,0.36945,0.4045,0.40035,0.39447
2020/04/01 06:20:00,109200,0.36944,0.40109,0.40035,0.39438
2020/04/01 06:30:00,109800,0.36944,0.40079000000000004,0.40035,0.39435
2020/04/01 06:40:00,110400,0.36944,0.40052,0.40397,0.39435
2020/04/01 06:50:00,111000,0.36943000000000004,0.40016,0.40397,0.39435
2020/04/01 07:00:00,111600,0.36943000000000004,0.39955,0.40397,0.39444
2020/04/01 07:10:00,112200,0.36943000000000004,0.39731,0.40397,0.3975
2020/04/01 07:20:00,112800,0.36943000000000004,0.64415,0.41508999999999996,0.397
2020/04/01 07:30:00,113400,0.36941999999999997,0.81857,0.63836,0.397
2020/04/01 07:40:00,114000,0.36941999999999997,0.9989399999999999,0.9168299999999999,0.397
2020/04/01 07:50:00,114600,0.36941999999999997,1.0,0.9898899999999999,0.397
2020/04/01 08:00:00,115200,0.36941999999999997,1.0,0.9987799999999999,0.397
2020/04/01 08:10:00,115800,0.36941999999999997,1.0,0.99951,0.397
2020/04/01 08:20:00,116400,0.36941999999999997,1.0,0.99946,0.397
2020/04/01 08:30:00,117000,0.36941999999999997,1.0,0.99935,0.398
2020/04/01 08:40:00,117600,0.36941999999999997,1.0,0.99925,0.398
2020/04/01 08:50:00,118200,0.36941999999999997,1.0,0.99913,0.405
2020/04/01 09:00:00,118800,0.36941999999999997,1.0,0.99903,0.416
2020/04/01 09:10:00,119400,0.36941999999999997,1.0,0.9989299999999999,0.4035
2020/04/01 09:20:00,120000,0.36941999999999997,1.0,0.99884,0.4025
2020/04/01 09:30:00,120600,0.36941999999999997,1.0,0.99875,0.4085
2020/04/01 09:40:00,121200,0.36941999999999997,1.0,0.99866,0.423
2020/04/01 09:50:00,121800,0.36941999999999997,1.0,0.9985700000000001,0.4315
2020/04/01 10:00:00,122400,0.36941999999999997,1.0,0.9984799999999999,0.4375
2020/04/01 10:10:00,123000,0.36941999999999997,1.0,0.9983700000000001,0.441
2020/04/01 10:20:00,123600,0.36941999999999997,1.0,0.99818,0.4315
2020/04/01 10:30:00,124200,0.36941999999999997,1.0,0.9975200000000001,0.4375
2020/04/01 10:40:00,124800,0.36941999999999997,1.0,0.9955799999999999,0.4335
2020/04/01 10:50:00,125400,0.36941999999999997,1.0,0.9909,0.4255
2020/04/01 11:00:00,126000,0.36941999999999997,1.0,0.98209,0.4195
2020/04/01 11:10:00,126600,0.36941999999999997,1.0,0.96762,0.4155
2020/04/01 11:20:00,127200,0.415,1.0,0.9466100000000001,0.415
2020/04/01 11:30:00,127800,0.414,1.0,0.92237,0.414
2020/04/01 11:40:00,128400,0.415,1.0,0.8927799999999999,0.415
2020/04/01 11:50:00,129000,0.413,1.0,0.8600399999999999,0.413
2020/04/01 12:00:00,129600,0.406,1.0,0.82762,0.406
2020/04/01 12:10:00,130200,0.395,1.0,0.79584,0.395
2020/04/01 12:20:00,130800,0.392,1.0,0.76657,0.392
2020/04/01 12:30:00,131400,0.3915,1.0,0.7417199999999999,0.3915
2020/04/01 12:40:00,132000,0.394,1.0,0.72013,0.394
2020/04/01 12:50:00,132600,0.397,1.0,0.71127,0.39626
2020/04/01 13:00:00,133200,0.399,1.0,0.80711,0.39638
2020/04/01 13:10:00,133800,0.3965,1.0,0.98116,0.3965
2020/04/01 13:20:00,134400,0.3905,1.0,0.99987,0.3905
2020/04/01 13:30:00,135000,0.389,1.0,1.0,0.39133
2020/04/01 13:40:00,135600,0.391,1.0,1.0,0.39254
2020/04/01 13:50:00,136200,0.3945,1.0,1.0,0.39432
2020/04/01 14:00:00,136800,0.397,1.0,1.0,0.39611999999999997
2020/04/01 14:10:00,137400,0.394,1.0,1.0,0.40038
2020/04/01 14:20:00,138000,0.3855,1.0,1.0,0.40501
2020/04/01 14:30:00,138600,0.378,1.0,1.0,0.40942
2020/04/01 14:40:00,139200,0.3745,1.0,1.0,0.41175
2020/04/01 14:50:00,139800,0.372,1.0,1.0,0.41308999999999996
2020/04/01 15:00:00,140400,0.372,1.0,1.0,0.41391000000000006
2020/04/01 15:10:00,141000,0.3715,1.0,1.0,0.4146
2020/04/01 15:20:00,141600,0.3705,1.0,1.0,0.4151
2020/04/01 15:30:00,142200,0.3695,1.0,1.0,0.41548999999999997
2020/04/01 15:40:00,142800,0.3685,1.0,1.0,0.41589
2020/04/01 15:50:00,143400,0.368,1.0,1.0,0.41635
2020/04/01 16:00:00,144000,0.369,1.0,1.0,0.41691000000000006
2020/04/01 16:10:00,144600,0.368,1.0,1.0,0.4178
2020/04/01 16:20:00,145200,0.368,1.0,1.0,0.41886999999999996
2020/04/01 16:30:00,145800,0.3695,1.0,1.0,0.42026
2020/04/01 16:40:00,146400,0.3715,1.0,1.0,0.422
2020/04/01 16:50:00,147000,0.372,1.0,1.0,0.42408
2020/04/01 17:00:00,147600,0.373,0.9999899999999999,1.0,0.42688999999999994
2020/04/01 17:10:00,148200,0.373,0.9999899999999999,1.0,0.42941999999999997
2020/04/01 17:20:00,148800,0.374,0.99998,1.0,0.43146999999999996
2020/04/01 17:30:00,149400,0.375,0.99998,1.0,0.43288999999999994
2020/04/01 17:40:00,150000,0.3775,0.99995,1.0,0.43386
2020/04/01 17:50:00,150600,0.38,0.9999399999999999,1.0,0.43451000000000006
2020/04/01 18:00:00,151200,0.3835,0.9999299999999999,1.0,0.43482
2020/04/01 18:10:00,151800,0.3865,0.3865,1.0,0.43499
2020/04/01 18:20:00,152400,0.389,0.389,1.0,0.43511000000000005
2020/04/01 18:30:00,153000,0.3915,0.3915,1.0,0.43517
2020/04/01 18:40:00,153600,0.3935,0.3935,1.0,0.43517
2020/04/01 18:50:00,154200,0.3926,0.394,1.0,0.43517
2020/04/01 19:00:00,154800,0.395,0.395,1.0,0.4351
2020/04/01 19:10:00,155400,0.38977,0.394,1.0,0.43483999999999995
2020/04/01 19:20:00,156000,0.38775,0.394,0.9999899999999999,0.43443999999999994
2020/04/01 19:30:00,156600,0.38495999999999997,0.3945,0.9999,0.4338
2020/04/01 19:40:00,157200,0.38269000000000003,0.395,0.99977,0.43281000000000003
2020/04/01 19:50:00,157800,0.38111,0.395,0.9996799999999999,0.4317
2020/04/01 20:00:00,158400,0.37925,0.39484,0.99965,0.43007
2020/04/01 20:10:00,159000,0.37784,0.39444,0.99964,0.4282
2020/04/01 20:20:00,159600,0.37642,0.39403,0.99964,0.42526
2020/04/01 20:30:00,160200,0.37543000000000004,0.39419,0.99964,0.42193
2020/04/01 20:40:00,160800,0.37484,0.39466,0.99964,0.41818999999999995
2020/04/01 20:50:00,161400,0.37455,0.39448,0.99965,0.41536999999999996
2020/04/01 21:00:00,162000,0.37440999999999997,0.39383,0.99965,0.41181
2020/04/01 21:10:00,162600,0.37437,0.39395,0.99965,0.40936999999999996
2020/04/01 21:20:00,163200,0.37437,0.40741,0.99965,0.4062
2020/04/01 21:30:00,163800,0.3744,0.61788,0.99965,0.40337
2020/04/01 21:40:00,164400,0.37446,0.8712,0.99965,0.40179000000000004
2020/04/01 21:50:00,165000,0.37451999999999996,0.94591,0.99966,0.40102
2020/04/01 22:00:00,165600,0.37458,0.95273,0.99966,0.4003
2020/04/01 22:10:00,166200,0.37463,0.94986,0.99966,0.425
2020/04/01 22:20:00,166800,0.37466,0.94534,0.99966,0.41326999999999997
2020/04/01 22:30:00,167400,0.37469,0.9407200000000001,0.99966,0.4365
2020/04/01 22:40:00,168000,0.37471,0.93627,0.99966,0.445
2020/04/01 22:50:00,168600,0.37473,0.93224,0.99966,0.4505
2020/04/01 23:00:00,169200,0.37473,0.92863,0.99966,0.456
2020/04/01 23:10:00,169800,0.37474,0.92501,0.9996700000000001,0.465
2020/04/01 23:20:00,170400,0.37474,0.92124,0.9996700000000001,0.46728000000000003
2020/04/01 23:30:00,171000,0.37474,0.91753,0.9996700000000001,0.4577
2020/04/01 23:40:00,171600,0.37474,0.9141,0.9996700000000001,0.45095
2020/04/01 23:50:00,172200,0.37474,0.9111,0.9996700000000001,0.44626000000000005
2020/04/02 00:00:00,172800,0.37473,0.9085700000000001,0.9996700000000001,0.44111999999999996
2020/04/02 00:10:00,173400,0.37472,0.9064200000000001,0.9996700000000001,0.43622
2020/04/02 00:20:00,174000,0.37471,0.90454,0.9996700000000001,0.43188000000000004
2020/04/02 00:30:00,174600,0.3747,0.90279,0.9996700000000001,0.42811000000000005
2020/04/02 00:40:00,175200,0.37469,0.9010299999999999,0.9996700000000001,0.42486
2020/04/02 00:50:00,175800,0.37467,0.89912,0.9996700000000001,0.42206000000000005
2020/04/02 01:00:00,176400,0.37466,0.8970100000000001,0.9996700000000001,0.41963
2020/04/02 01:10:00,177000,0.37464000000000003,0.89469,0.9996700000000001,0.41752
2020/04/02 01:20:00,177600,0.37462,0.8921899999999999,0.9996700000000001,0.41568999999999995
2020/04/02 01:30:00,178200,0.37461,0.8895700000000001,0.9996700000000001,0.41408999999999996
2020/04/02 01:40:00,178800,0.37459000000000003,0.8868799999999999,0.9996700000000001,0.41268999999999995
2020/04/02 01:50:00,179400,0.37456999999999996,0.88418,0.9996700000000001,0.41146000000000005
2020/04/02 02:00:00,180000,0.37456,0.8815,0.9996700000000001,0.41038
2020/04/02 02:10:00,180600,0.37454,0.8788799999999999,0.9996700000000001,0.40943
2020/04/02 02:20:00,181200,0.37453000000000003,0.87631,0.9996700000000001,0.40859
2020/04/02 02:30:00,181800,0.37451,0.8738100000000001,0.9996700000000001,0.40785
2020/04/02 02:40:00,182400,0.3745,0.87135,0.5055,0.40719
2020/04/02 02:50:00,183000,0.37448000000000004,0.8689399999999999,0.5045,0.4066
2020/04/02 03:00:00,183600,0.37446999999999997,0.86655,0.504,0.40607
2020/04/02 03:10:00,184200,0.37446,0.86416,0.503,0.4056
2020/04/02 03:20:00,184800,0.37445,0.86175,0.5005,0.5005
2020/04/02 03:30:00,185400,0.37443000000000004,0.8593,0.509,0.509
2020/04/02 03:40:00,186000,0.37442,0.8568,0.514,0.514
2020/04/02 03:50:00,186600,0.37440999999999997,0.85424,0.514,0.514
2020/04/02 04:00:00,187200,0.3744,0.8516,0.512,0.512
2020/04/02 04:10:00,187800,0.37439,0.84893,0.496,0.496
2020/04/02 04:20:00,188400,0.37438,0.84726,0.4785,0.4785
2020/04/02 04:30:00,189000,0.37437,0.8466799999999999,0.451,0.451
2020/04/02 04:40:00,189600,0.37435999999999997,0.84651,0.4085,0.4085
2020/04/02 04:50:00,190200,0.37435999999999997,0.3965,0.3965,0.3965
2020/04/02 05:00:00,190800,0.37435,0.52312,0.39575,0.39575
2020/04/02 05:10:00,191400,0.37435,0.395,0.395,0.395
2020/04/02 05:20:00,192000,0.37435,0.56691,0.398,0.398
2020/04/02 05:30:00,192600,0.37434,0.3995,0.3995,0.3995
2020/04/02 05:40:00,193200,0.4005,0.4005,0.4005,0.4005
2020/04/02 05:50:00,193800,0.403,0.403,0.403,0.403
2020/04/02 06:00:00,194400,0.404,0.404,0.404,0.404
2020/04/02 06:10:00,195000,0.4045,0.4045,0.4045,0.4045
2020/04/02 06:20:00,195600,0.4045,0.4045,0.4045,0.40443
2020/04/02 06:30:00,196200,0.40391,0.405,0.40381999999999996,0.40315
2020/04/02 06:40:00,196800,0.405,0.405,0.40360999999999997,0.40238
2020/04/02 06:50:00,197400,0.405,0.405,0.40360999999999997,0.40169
2020/04/02 07:00:00,198000,0.4065,0.40491,0.40360999999999997,0.40098
2020/04/02 07:10:00,198600,0.408,0.40391,0.46563000000000004,0.39993
2020/04/02 07:20:00,199200,0.408,0.69505,0.69176,0.39904
2020/04/02 07:30:00,199800,0.4085,0.84564,0.8890399999999999,0.39844
2020/04/02 07:40:00,200400,0.4085,0.99992,0.97551,0.39775
2020/04/02 07:50:00,201000,0.408,1.0,0.99529,0.39716
2020/04/02 08:00:00,201600,0.408,1.0,0.99889,0.39671
2020/04/02 08:10:00,202200,0.4095,1.0,0.99955,0.39638
2020/04/02 08:20:00,202800,0.409,1.0,0.99966,0.39619
2020/04/02 08:30:00,203400,0.408,1.0,0.9996700000000001,0.39607
2020/04/02 08:40:00,204000,0.408,1.0,0.9996700000000001,0.39596
2020/04/02 08:50:00,204600,0.408,0.9999399999999999,0.99966,0.39594
2020/04/02 09:00:00,205200,0.408,0.99997,0.99964,0.39594
2020/04/02 09:10:00,205800,0.408,0.9998299999999999,0.9996200000000001,0.39599
2020/04/02 09:20:00,206400,0.408,0.9997799999999999,0.99959,0.39618000000000003
2020/04/02 09:30:00,207000,0.408,0.99965,0.99956,0.39655999999999997
2020/04/02 09:40:00,207600,0.408,0.9996299999999999,0.99951,0.3971
2020/04/02 09:50:00,208200,0.408,0.9998799999999999,0.99936,0.39788
2020/04/02 10:00:00,208800,0.407,0.99997,0.99879,0.39875
2020/04/02 10:10:00,209400,0.40925,0.9999899999999999,0.9968799999999999,0.39983
2020/04/02 10:20:00,210000,0.4115,1.0,0.99165,0.40087
2020/04/02 10:30:00,210600,0.4145,1.0,0.97864,0.40229000000000004
2020/04/02 10:40:00,211200,0.414,1.0,0.9539700000000001,0.40363000000000004
2020/04/02 10:50:00,211800,0.412,1.0,0.91151,0.40512
2020/04/02 11:00:00,212400,0.411,1.0,0.85115,0.4058
2020/04/02 11:10:00,213000,0.4115,1.0,0.75897,0.40676999999999996
2020/04/02 11:20:00,213600,0.4125,1.0,0.63343,0.40778000000000003
2020/04/02 11:30:00,214200,0.406,1.0,0.57932,0.4085
2020/04/02 11:40:00,214800,0.4,1.0,0.87029,0.40924
2020/04/02 11:50:00,215400,0.398,1.0,0.9968299999999999,0.41
2020/04/02 12:00:00,216000,0.3965,1.0,1.0,0.41108
2020/04/02 12:10:00,216600,0.391,1.0,1.0,0.41165
2020/04/02 12:20:00,217200,0.387,1.0,1.0,0.41226999999999997
2020/04/02 12:30:00,217800,0.3825,1.0,1.0,0.41361000000000003
2020/04/02 12:40:00,218400,0.3805,1.0,1.0,0.41456000000000004
2020/04/02 12:50:00,219000,0.382,1.0,1.0,0.41608999999999996
2020/04/02 13:00:00,219600,0.3815,1.0,1.0,0.41803
2020/04/02 13:10:00,220200,0.3795,1.0,1.0,0.42083000000000004
2020/04/02 13:20:00,220800,0.378,1.0,1.0,0.42376
2020/04/02 13:30:00,221400,0.377,1.0,1.0,0.42883999999999994
2020/04/02 13:40:00,222000,0.376,1.0,1.0,0.43305
2020/04/02 13:50:00,222600,0.376,1.0,1.0,0.43711000000000005
2020/04/02 14:00:00,223200,0.375,1.0,1.0,0.44068999999999997
2020/04/02 14:10:00,223800,0.375,1.0,1.0,0.44351
2020/04/02 14:20:00,224400,0.375,1.0,1.0,0.44697
2020/04/02 14:30:00,225000,0.375,1.0,1.0,0.44956
2020/04/02 14:40:00,225600,0.374,1.0,1.0,0.45192
2020/04/02 14:50:00,226200,0.374,1.0,1.0,0.45405
2020/04/02 15:00:00,226800,0.373,1.0,1.0,0.45628
2020/04/02 15:10:00,227400,0.3725,1.0,1.0,0.45869
2020/04/02 15:20:00,228000,0.372,1.0,1.0,0.4607
2020/04/02 15:30:00,228600,0.3715,1.0,1.0,0.46262
2020/04/02 15:40:00,229200,0.371,1.0,1.0,0.46441000000000004
2020/04/02 15:50:00,229800,0.37,1.0,1.0,0.46608999999999995
2020/04/02 16:00:00,230400,0.369,1.0,1.0,0.46818999999999994
2020/04/02 16:10:00,231000,0.3685,1.0,1.0,0.4702
2020/04/02 16:20:00,231600,0.369,1.0,1.0,0.47213
2020/04/02 16:30:00,232200,0.368,1.0,1.0,0.47398
2020/04/02 16:40:00,232800,0.3685,1.0,1.0,0.47575
2020/04/02 16:50:00,233400,0.369,1.0,1.0,0.47745
2020/04/02 17:00:00,234000,0.369,1.0,1.0,0.47908
2020/04/02 17:10:00,234600,0.3685,1.0,1.0,0.48046000000000005
2020/04/02 17:20:00,235200,0.3675,1.0,1.0,0.48177
2020/04/02 17:30:00,235800,0.3655,1.0,1.0,0.48305
2020/04/02 17:40:00,236400,0.3635,1.0,1.0,0.4841
2020/04/02 17:50:00,237000,0.3615,1.0,1.0,0.48528999999999994
2020/04/02 18:00:00,237600,0.356,1.0,1.0,0.48644
2020/04/02 18:10:00,238200,0.3515,1.0,0.3515,0.48788000000000004
2020/04/02 18:20:00,238800,0.35,0.35,0.6592399999999999,0.48896000000000006
2020/04/02 18:30:00,239400,0.3485,0.3485,0.9164700000000001,0.49032
2020/04/02 18:40:00,240000,0.3525,0.3525,0.98344,0.49166000000000004
2020/04/02 18:50:00,240600,0.356,0.356,0.9971399999999999,0.49311000000000005
2020/04/02 19:00:00,241200,0.36,0.36,0.9995299999999999,0.49467
2020/04/02 19:10:00,241800,0.364,0.364,0.9999100000000001,0.49633999999999995
2020/04/02 19:20:00,242400,0.3675,0.3675,0.99997,0.49773999999999996
2020/04/02 19:30:00,243000,0.3705,0.3705,0.9999899999999999,0.49925
2020/04/02 19:40:00,243600,0.3715,0.3715,1.0,0.50084
2020/04/02 19:50:00,244200,0.3725,0.3725,1.0,0.50242
2020/04/02 20:00:00,244800,0.3775,0.3775,1.0,0.5039600000000001
2020/04/02 20:10:00,245400,0.3735,0.3735,1.0,0.50557
2020/04/02 20:20:00,246000,0.375,0.375,1.0,0.50712
2020/04/02 20:30:00,246600,0.3835,0.3835,1.0,0.50869
2020/04/02 20:40:00,247200,0.3785,0.3785,1.0,0.51005
2020/04/02 20:50:00,247800,0.3815,0.3815,1.0,0.5108600000000001
2020/04/02 21:00:00,248400,0.383,0.383,1.0,0.51144
2020/04/02 21:10:00,249000,0.385,0.385,1.0,0.5118699999999999
2020/04/02 21:20:00,249600,0.38584,0.386,1.0,0.51217
2020/04/02 21:30:00,250200,0.38476,0.3885,1.0,0.51234
2020/04/02 21:40:00,250800,0.38335,0.3905,0.99997,0.51243
2020/04/02 21:50:00,251400,0.38274,0.391,0.99987,0.51249
2020/04/02 22:00:00,252000,0.38171,0.39383,0.99974,0.51249
2020/04/02 22:10:00,252600,0.38040999999999997,0.3913,0.9996299999999999,0.51246
2020/04/02 22:20:00,253200,0.37974,0.39082,0.99955,0.51226
2020/04/02 22:30:00,253800,0.37983,0.39044,0.99949,0.51177
2020/04/02 22:40:00,254400,0.38065,0.38887,0.99945,0.51085
2020/04/02 22:50:00,255000,0.38147,0.38561999999999996,0.99941,0.5089100000000001
2020/04/02 23:00:00,255600,0.38182,0.38171,0.99939,0.50534
2020/04/02 23:10:00,256200,0.38189,0.37754,0.9993700000000001,0.50055
2020/04/02 23:20:00,256800,0.38187,0.37392,0.99936,0.49381
2020/04/02 23:30:00,257400,0.38179,0.43805,0.99934,0.48341000000000006
2020/04/02 23:40:00,258000,0.38166,0.61378,0.9993299999999999,0.47051000000000004
2020/04/02 23:50:00,258600,0.3815,0.76715,0.99931,0.46058999999999994
2020/04/03 00:00:00,259200,0.38133,0.82935,0.44027,0.419
